{"cameraMode":{"drawMode":0,"name":"Shaded","section":"Shading Mode"},"sceneLighting":true,"audioPlay":false,"sceneViewState":{"m_AlwaysRefresh":false,"showFog":true,"showSkybox":true,"showFlares":true,"showImageEffects":true,"showParticleSystems":true,"showVisualEffectGraphs":true,"m_FxEnabled":true},"in2DMode":false,"pivot":{"x":102.44680786132813,"y":-42.423709869384769,"z":31.440963745117189},"rotation":{"x":-0.17421342432498933,"y":-0.6785569190979004,"z":0.17060354351997376,"w":-0.6929500102996826},"size":60.68254852294922,"orthographic":false}